{"loss": [0.21826179325580597, 0.11397828906774521, 0.07839672267436981, 0.059926506131887436, 0.04942962899804115, 0.040822822600603104, 0.035831108689308167, 0.031685423105955124, 0.028220362961292267, 0.02508200705051422], "accuracy": [0.9065383076667786, 0.9557210803031921, 0.9704380035400391, 0.9773481488227844, 0.9816728234291077, 0.9850755929946899, 0.9869104623794556, 0.9886713624000549, 0.9897737503051758, 0.9908544421195984], "val_loss": [0.12321209907531738, 0.0907953530550003, 0.1028425320982933, 0.100867360830307, 0.11191442608833313, 0.08007804304361343, 0.1123858243227005, 0.10953696072101593, 0.14700020849704742, 0.07701122015714645], "val_accuracy": [0.9471656084060669, 0.9656046032905579, 0.9595568776130676, 0.9629127383232117, 0.9562010765075684, 0.9711399078369141, 0.9605960845947266, 0.9646592140197754, 0.9587269425392151, 0.9733554720878601]}